sketch_size,mean,std,time
100,1.934403438703515,1.4633072554614952,1.8004100322723389
200,1.0559157422619871,0.8873697510892408,1.8709290027618408
300,1.0395105255112609,0.8058496644020465,1.839468002319336