sketch_size,mean,std,time
100,0.3150707090959358,0.21050554675673772,110.72480392456055
200,0.3436314417050571,0.15322049354234718,222.50313425064087
300,0.37163735894929845,0.12461610091936368,334.2235128879547