sketch_size,mean,std,time
100,1.7932896000295069,1.3283683720235462,0.5598559379577637
200,1.1578685909095023,0.9331075254396405,0.9748067855834961
300,1.1164265931339714,0.8879252786492222,1.3713469505310059