storage_size,mean,std,time
200,0.36177864662907544,0.1344904816305927,2.233013219833374
400,0.37538490957555015,0.08352404580117391,4.469483289718628
600,0.3542724209928123,0.05810270125629495,6.75791588306427
800,0.3604704024368233,0.07085383339821894,9.079289557933807
1000,0.3703013518536423,0.06219205593957215,11.359877848625183
